Question,Answer
What is the importance of automatic detection in bioacoustic research?,"Automatic detection in bioacoustic research plays a vital role by enabling researchers to analyze vast amounts of audio data efficiently. It allows for the identification of species, tracking population density, and observing behavioral patterns without direct human observation. This technology has revolutionized ecological studies by making passive monitoring possible, especially in remote or otherwise inaccessible environments, thus contributing to conservation efforts and biodiversity studies."
How does automatic detection assist in monitoring ecosystems?,"Automatic detection facilitates ecosystem monitoring by analyzing acoustic indices that reflect biodiversity and environmental changes. Through continuous audio data collection, this technology can identify shifts in species occupancy, variations in vocal activity, and even detect the presence of invasive species. This approach aids in assessing ecosystem health and can alert researchers to changes that may indicate broader environmental shifts, offering a proactive approach to ecosystem management."
What challenges are faced in implementing automatic detection systems?,"Challenges in implementing automatic detection systems include dealing with high levels of noise in natural environments, variability in animal vocalizations, and the need for large datasets for accurate machine learning models. Field conditions often result in suboptimal recording quality, and the diversity of animal calls requires robust algorithms to avoid misidentification. Additionally, training datasets must be accurately labeled, which can be a labor-intensive process, especially for cryptic species or infrequent vocalizers."
How do machine learning algorithms contribute to bioacoustics?,"Machine learning algorithms analyze vast amounts of audio data in bioacoustics by identifying patterns and classifying sounds more efficiently than manual methods. These algorithms can learn to recognize species-specific calls, distinguish between environmental noises and biological sounds, and even adapt to new sounds with continued learning. Their application is essential in reducing human error and processing time, especially in large-scale biodiversity assessments."
What are some real-world applications of automatic detection in bioacoustics?,"Automatic detection is widely applied in conservation, population monitoring, and behavioral studies. For example, detecting and tracking endangered species vocalizations in dense habitats helps conservationists assess population sizes without direct interference. Additionally, it assists in monitoring migration patterns, seasonal behaviors, and the impact of human activities on wildlife by continuously capturing acoustic data over time."
What insights does Chapter 7 provide on specific challenges in bioacoustic research?,"Chapter 7 delves into the nuanced challenges associated with bioacoustic research, including factors such as acoustic variability across species, environmental interference, and the technical limitations of recording equipment. For instance, the chapter emphasizes the role of adaptive algorithms that learn from diverse datasets to improve detection accuracy. Moreover, it discusses how different habitats can affect recording quality and the need for specialized tools to handle unique environmental conditions. Addressing these challenges is essential to enhance detection reliability and to support conservationists in making data-informed decisions about species protection efforts."
What insights does Chapter 1 provide on specific challenges in bioacoustic research?,"Chapter 1 delves into the nuanced challenges associated with bioacoustic research, including factors such as acoustic variability across species, environmental interference, and the technical limitations of recording equipment. For instance, the chapter emphasizes the role of adaptive algorithms that learn from diverse datasets to improve detection accuracy. Moreover, it discusses how different habitats can affect recording quality and the need for specialized tools to handle unique environmental conditions. Addressing these challenges is essential to enhance detection reliability and to support conservationists in making data-informed decisions about species protection efforts."
What insights does Chapter 2 provide on specific challenges in bioacoustic research?,"Chapter 2 delves into the nuanced challenges associated with bioacoustic research, including factors such as acoustic variability across species, environmental interference, and the technical limitations of recording equipment. For instance, the chapter emphasizes the role of adaptive algorithms that learn from diverse datasets to improve detection accuracy. Moreover, it discusses how different habitats can affect recording quality and the need for specialized tools to handle unique environmental conditions. Addressing these challenges is essential to enhance detection reliability and to support conservationists in making data-informed decisions about species protection efforts."
What insights does Chapter 3 provide on specific challenges in bioacoustic research?,"Chapter 3 delves into the nuanced challenges associated with bioacoustic research, including factors such as acoustic variability across species, environmental interference, and the technical limitations of recording equipment. For instance, the chapter emphasizes the role of adaptive algorithms that learn from diverse datasets to improve detection accuracy. Moreover, it discusses how different habitats can affect recording quality and the need for specialized tools to handle unique environmental conditions. Addressing these challenges is essential to enhance detection reliability and to support conservationists in making data-informed decisions about species protection efforts."
What insights does Chapter 4 provide on specific challenges in bioacoustic research?,"Chapter 4 delves into the nuanced challenges associated with bioacoustic research, including factors such as acoustic variability across species, environmental interference, and the technical limitations of recording equipment. For instance, the chapter emphasizes the role of adaptive algorithms that learn from diverse datasets to improve detection accuracy. Moreover, it discusses how different habitats can affect recording quality and the need for specialized tools to handle unique environmental conditions. Addressing these challenges is essential to enhance detection reliability and to support conservationists in making data-informed decisions about species protection efforts."
What insights does Chapter 5 provide on specific challenges in bioacoustic research?,"Chapter 5 delves into the nuanced challenges associated with bioacoustic research, including factors such as acoustic variability across species, environmental interference, and the technical limitations of recording equipment. For instance, the chapter emphasizes the role of adaptive algorithms that learn from diverse datasets to improve detection accuracy. Moreover, it discusses how different habitats can affect recording quality and the need for specialized tools to handle unique environmental conditions. Addressing these challenges is essential to enhance detection reliability and to support conservationists in making data-informed decisions about species protection efforts."
What insights does Chapter 6 provide on specific challenges in bioacoustic research?,"Chapter 6 delves into the nuanced challenges associated with bioacoustic research, including factors such as acoustic variability across species, environmental interference, and the technical limitations of recording equipment. For instance, the chapter emphasizes the role of adaptive algorithms that learn from diverse datasets to improve detection accuracy. Moreover, it discusses how different habitats can affect recording quality and the need for specialized tools to handle unique environmental conditions. Addressing these challenges is essential to enhance detection reliability and to support conservationists in making data-informed decisions about species protection efforts."
What insights does Chapter 7 provide on specific challenges in bioacoustic research?,"Chapter 7 delves into the nuanced challenges associated with bioacoustic research, including factors such as acoustic variability across species, environmental interference, and the technical limitations of recording equipment. For instance, the chapter emphasizes the role of adaptive algorithms that learn from diverse datasets to improve detection accuracy. Moreover, it discusses how different habitats can affect recording quality and the need for specialized tools to handle unique environmental conditions. Addressing these challenges is essential to enhance detection reliability and to support conservationists in making data-informed decisions about species protection efforts."
What insights does Chapter 1 provide on specific challenges in bioacoustic research?,"Chapter 1 delves into the nuanced challenges associated with bioacoustic research, including factors such as acoustic variability across species, environmental interference, and the technical limitations of recording equipment. For instance, the chapter emphasizes the role of adaptive algorithms that learn from diverse datasets to improve detection accuracy. Moreover, it discusses how different habitats can affect recording quality and the need for specialized tools to handle unique environmental conditions. Addressing these challenges is essential to enhance detection reliability and to support conservationists in making data-informed decisions about species protection efforts."
What insights does Chapter 2 provide on specific challenges in bioacoustic research?,"Chapter 2 delves into the nuanced challenges associated with bioacoustic research, including factors such as acoustic variability across species, environmental interference, and the technical limitations of recording equipment. For instance, the chapter emphasizes the role of adaptive algorithms that learn from diverse datasets to improve detection accuracy. Moreover, it discusses how different habitats can affect recording quality and the need for specialized tools to handle unique environmental conditions. Addressing these challenges is essential to enhance detection reliability and to support conservationists in making data-informed decisions about species protection efforts."
What insights does Chapter 3 provide on specific challenges in bioacoustic research?,"Chapter 3 delves into the nuanced challenges associated with bioacoustic research, including factors such as acoustic variability across species, environmental interference, and the technical limitations of recording equipment. For instance, the chapter emphasizes the role of adaptive algorithms that learn from diverse datasets to improve detection accuracy. Moreover, it discusses how different habitats can affect recording quality and the need for specialized tools to handle unique environmental conditions. Addressing these challenges is essential to enhance detection reliability and to support conservationists in making data-informed decisions about species protection efforts."
What insights does Chapter 4 provide on specific challenges in bioacoustic research?,"Chapter 4 delves into the nuanced challenges associated with bioacoustic research, including factors such as acoustic variability across species, environmental interference, and the technical limitations of recording equipment. For instance, the chapter emphasizes the role of adaptive algorithms that learn from diverse datasets to improve detection accuracy. Moreover, it discusses how different habitats can affect recording quality and the need for specialized tools to handle unique environmental conditions. Addressing these challenges is essential to enhance detection reliability and to support conservationists in making data-informed decisions about species protection efforts."
What insights does Chapter 5 provide on specific challenges in bioacoustic research?,"Chapter 5 delves into the nuanced challenges associated with bioacoustic research, including factors such as acoustic variability across species, environmental interference, and the technical limitations of recording equipment. For instance, the chapter emphasizes the role of adaptive algorithms that learn from diverse datasets to improve detection accuracy. Moreover, it discusses how different habitats can affect recording quality and the need for specialized tools to handle unique environmental conditions. Addressing these challenges is essential to enhance detection reliability and to support conservationists in making data-informed decisions about species protection efforts."
What insights does Chapter 6 provide on specific challenges in bioacoustic research?,"Chapter 6 delves into the nuanced challenges associated with bioacoustic research, including factors such as acoustic variability across species, environmental interference, and the technical limitations of recording equipment. For instance, the chapter emphasizes the role of adaptive algorithms that learn from diverse datasets to improve detection accuracy. Moreover, it discusses how different habitats can affect recording quality and the need for specialized tools to handle unique environmental conditions. Addressing these challenges is essential to enhance detection reliability and to support conservationists in making data-informed decisions about species protection efforts."
What insights does Chapter 7 provide on specific challenges in bioacoustic research?,"Chapter 7 delves into the nuanced challenges associated with bioacoustic research, including factors such as acoustic variability across species, environmental interference, and the technical limitations of recording equipment. For instance, the chapter emphasizes the role of adaptive algorithms that learn from diverse datasets to improve detection accuracy. Moreover, it discusses how different habitats can affect recording quality and the need for specialized tools to handle unique environmental conditions. Addressing these challenges is essential to enhance detection reliability and to support conservationists in making data-informed decisions about species protection efforts."
What insights does Chapter 1 provide on specific challenges in bioacoustic research?,"Chapter 1 delves into the nuanced challenges associated with bioacoustic research, including factors such as acoustic variability across species, environmental interference, and the technical limitations of recording equipment. For instance, the chapter emphasizes the role of adaptive algorithms that learn from diverse datasets to improve detection accuracy. Moreover, it discusses how different habitats can affect recording quality and the need for specialized tools to handle unique environmental conditions. Addressing these challenges is essential to enhance detection reliability and to support conservationists in making data-informed decisions about species protection efforts."
What insights does Chapter 2 provide on specific challenges in bioacoustic research?,"Chapter 2 delves into the nuanced challenges associated with bioacoustic research, including factors such as acoustic variability across species, environmental interference, and the technical limitations of recording equipment. For instance, the chapter emphasizes the role of adaptive algorithms that learn from diverse datasets to improve detection accuracy. Moreover, it discusses how different habitats can affect recording quality and the need for specialized tools to handle unique environmental conditions. Addressing these challenges is essential to enhance detection reliability and to support conservationists in making data-informed decisions about species protection efforts."
What insights does Chapter 3 provide on specific challenges in bioacoustic research?,"Chapter 3 delves into the nuanced challenges associated with bioacoustic research, including factors such as acoustic variability across species, environmental interference, and the technical limitations of recording equipment. For instance, the chapter emphasizes the role of adaptive algorithms that learn from diverse datasets to improve detection accuracy. Moreover, it discusses how different habitats can affect recording quality and the need for specialized tools to handle unique environmental conditions. Addressing these challenges is essential to enhance detection reliability and to support conservationists in making data-informed decisions about species protection efforts."
What insights does Chapter 4 provide on specific challenges in bioacoustic research?,"Chapter 4 delves into the nuanced challenges associated with bioacoustic research, including factors such as acoustic variability across species, environmental interference, and the technical limitations of recording equipment. For instance, the chapter emphasizes the role of adaptive algorithms that learn from diverse datasets to improve detection accuracy. Moreover, it discusses how different habitats can affect recording quality and the need for specialized tools to handle unique environmental conditions. Addressing these challenges is essential to enhance detection reliability and to support conservationists in making data-informed decisions about species protection efforts."
What insights does Chapter 5 provide on specific challenges in bioacoustic research?,"Chapter 5 delves into the nuanced challenges associated with bioacoustic research, including factors such as acoustic variability across species, environmental interference, and the technical limitations of recording equipment. For instance, the chapter emphasizes the role of adaptive algorithms that learn from diverse datasets to improve detection accuracy. Moreover, it discusses how different habitats can affect recording quality and the need for specialized tools to handle unique environmental conditions. Addressing these challenges is essential to enhance detection reliability and to support conservationists in making data-informed decisions about species protection efforts."
What insights does Chapter 6 provide on specific challenges in bioacoustic research?,"Chapter 6 delves into the nuanced challenges associated with bioacoustic research, including factors such as acoustic variability across species, environmental interference, and the technical limitations of recording equipment. For instance, the chapter emphasizes the role of adaptive algorithms that learn from diverse datasets to improve detection accuracy. Moreover, it discusses how different habitats can affect recording quality and the need for specialized tools to handle unique environmental conditions. Addressing these challenges is essential to enhance detection reliability and to support conservationists in making data-informed decisions about species protection efforts."
What insights does Chapter 7 provide on specific challenges in bioacoustic research?,"Chapter 7 delves into the nuanced challenges associated with bioacoustic research, including factors such as acoustic variability across species, environmental interference, and the technical limitations of recording equipment. For instance, the chapter emphasizes the role of adaptive algorithms that learn from diverse datasets to improve detection accuracy. Moreover, it discusses how different habitats can affect recording quality and the need for specialized tools to handle unique environmental conditions. Addressing these challenges is essential to enhance detection reliability and to support conservationists in making data-informed decisions about species protection efforts."
What insights does Chapter 1 provide on specific challenges in bioacoustic research?,"Chapter 1 delves into the nuanced challenges associated with bioacoustic research, including factors such as acoustic variability across species, environmental interference, and the technical limitations of recording equipment. For instance, the chapter emphasizes the role of adaptive algorithms that learn from diverse datasets to improve detection accuracy. Moreover, it discusses how different habitats can affect recording quality and the need for specialized tools to handle unique environmental conditions. Addressing these challenges is essential to enhance detection reliability and to support conservationists in making data-informed decisions about species protection efforts."
What insights does Chapter 2 provide on specific challenges in bioacoustic research?,"Chapter 2 delves into the nuanced challenges associated with bioacoustic research, including factors such as acoustic variability across species, environmental interference, and the technical limitations of recording equipment. For instance, the chapter emphasizes the role of adaptive algorithms that learn from diverse datasets to improve detection accuracy. Moreover, it discusses how different habitats can affect recording quality and the need for specialized tools to handle unique environmental conditions. Addressing these challenges is essential to enhance detection reliability and to support conservationists in making data-informed decisions about species protection efforts."
What insights does Chapter 3 provide on specific challenges in bioacoustic research?,"Chapter 3 delves into the nuanced challenges associated with bioacoustic research, including factors such as acoustic variability across species, environmental interference, and the technical limitations of recording equipment. For instance, the chapter emphasizes the role of adaptive algorithms that learn from diverse datasets to improve detection accuracy. Moreover, it discusses how different habitats can affect recording quality and the need for specialized tools to handle unique environmental conditions. Addressing these challenges is essential to enhance detection reliability and to support conservationists in making data-informed decisions about species protection efforts."
What insights does Chapter 4 provide on specific challenges in bioacoustic research?,"Chapter 4 delves into the nuanced challenges associated with bioacoustic research, including factors such as acoustic variability across species, environmental interference, and the technical limitations of recording equipment. For instance, the chapter emphasizes the role of adaptive algorithms that learn from diverse datasets to improve detection accuracy. Moreover, it discusses how different habitats can affect recording quality and the need for specialized tools to handle unique environmental conditions. Addressing these challenges is essential to enhance detection reliability and to support conservationists in making data-informed decisions about species protection efforts."
What insights does Chapter 5 provide on specific challenges in bioacoustic research?,"Chapter 5 delves into the nuanced challenges associated with bioacoustic research, including factors such as acoustic variability across species, environmental interference, and the technical limitations of recording equipment. For instance, the chapter emphasizes the role of adaptive algorithms that learn from diverse datasets to improve detection accuracy. Moreover, it discusses how different habitats can affect recording quality and the need for specialized tools to handle unique environmental conditions. Addressing these challenges is essential to enhance detection reliability and to support conservationists in making data-informed decisions about species protection efforts."
What insights does Chapter 6 provide on specific challenges in bioacoustic research?,"Chapter 6 delves into the nuanced challenges associated with bioacoustic research, including factors such as acoustic variability across species, environmental interference, and the technical limitations of recording equipment. For instance, the chapter emphasizes the role of adaptive algorithms that learn from diverse datasets to improve detection accuracy. Moreover, it discusses how different habitats can affect recording quality and the need for specialized tools to handle unique environmental conditions. Addressing these challenges is essential to enhance detection reliability and to support conservationists in making data-informed decisions about species protection efforts."
What insights does Chapter 7 provide on specific challenges in bioacoustic research?,"Chapter 7 delves into the nuanced challenges associated with bioacoustic research, including factors such as acoustic variability across species, environmental interference, and the technical limitations of recording equipment. For instance, the chapter emphasizes the role of adaptive algorithms that learn from diverse datasets to improve detection accuracy. Moreover, it discusses how different habitats can affect recording quality and the need for specialized tools to handle unique environmental conditions. Addressing these challenges is essential to enhance detection reliability and to support conservationists in making data-informed decisions about species protection efforts."
What insights does Chapter 1 provide on specific challenges in bioacoustic research?,"Chapter 1 delves into the nuanced challenges associated with bioacoustic research, including factors such as acoustic variability across species, environmental interference, and the technical limitations of recording equipment. For instance, the chapter emphasizes the role of adaptive algorithms that learn from diverse datasets to improve detection accuracy. Moreover, it discusses how different habitats can affect recording quality and the need for specialized tools to handle unique environmental conditions. Addressing these challenges is essential to enhance detection reliability and to support conservationists in making data-informed decisions about species protection efforts."
What insights does Chapter 2 provide on specific challenges in bioacoustic research?,"Chapter 2 delves into the nuanced challenges associated with bioacoustic research, including factors such as acoustic variability across species, environmental interference, and the technical limitations of recording equipment. For instance, the chapter emphasizes the role of adaptive algorithms that learn from diverse datasets to improve detection accuracy. Moreover, it discusses how different habitats can affect recording quality and the need for specialized tools to handle unique environmental conditions. Addressing these challenges is essential to enhance detection reliability and to support conservationists in making data-informed decisions about species protection efforts."
What insights does Chapter 3 provide on specific challenges in bioacoustic research?,"Chapter 3 delves into the nuanced challenges associated with bioacoustic research, including factors such as acoustic variability across species, environmental interference, and the technical limitations of recording equipment. For instance, the chapter emphasizes the role of adaptive algorithms that learn from diverse datasets to improve detection accuracy. Moreover, it discusses how different habitats can affect recording quality and the need for specialized tools to handle unique environmental conditions. Addressing these challenges is essential to enhance detection reliability and to support conservationists in making data-informed decisions about species protection efforts."
What insights does Chapter 4 provide on specific challenges in bioacoustic research?,"Chapter 4 delves into the nuanced challenges associated with bioacoustic research, including factors such as acoustic variability across species, environmental interference, and the technical limitations of recording equipment. For instance, the chapter emphasizes the role of adaptive algorithms that learn from diverse datasets to improve detection accuracy. Moreover, it discusses how different habitats can affect recording quality and the need for specialized tools to handle unique environmental conditions. Addressing these challenges is essential to enhance detection reliability and to support conservationists in making data-informed decisions about species protection efforts."
What insights does Chapter 5 provide on specific challenges in bioacoustic research?,"Chapter 5 delves into the nuanced challenges associated with bioacoustic research, including factors such as acoustic variability across species, environmental interference, and the technical limitations of recording equipment. For instance, the chapter emphasizes the role of adaptive algorithms that learn from diverse datasets to improve detection accuracy. Moreover, it discusses how different habitats can affect recording quality and the need for specialized tools to handle unique environmental conditions. Addressing these challenges is essential to enhance detection reliability and to support conservationists in making data-informed decisions about species protection efforts."
What insights does Chapter 6 provide on specific challenges in bioacoustic research?,"Chapter 6 delves into the nuanced challenges associated with bioacoustic research, including factors such as acoustic variability across species, environmental interference, and the technical limitations of recording equipment. For instance, the chapter emphasizes the role of adaptive algorithms that learn from diverse datasets to improve detection accuracy. Moreover, it discusses how different habitats can affect recording quality and the need for specialized tools to handle unique environmental conditions. Addressing these challenges is essential to enhance detection reliability and to support conservationists in making data-informed decisions about species protection efforts."
What insights does Chapter 7 provide on specific challenges in bioacoustic research?,"Chapter 7 delves into the nuanced challenges associated with bioacoustic research, including factors such as acoustic variability across species, environmental interference, and the technical limitations of recording equipment. For instance, the chapter emphasizes the role of adaptive algorithms that learn from diverse datasets to improve detection accuracy. Moreover, it discusses how different habitats can affect recording quality and the need for specialized tools to handle unique environmental conditions. Addressing these challenges is essential to enhance detection reliability and to support conservationists in making data-informed decisions about species protection efforts."
What insights does Chapter 1 provide on specific challenges in bioacoustic research?,"Chapter 1 delves into the nuanced challenges associated with bioacoustic research, including factors such as acoustic variability across species, environmental interference, and the technical limitations of recording equipment. For instance, the chapter emphasizes the role of adaptive algorithms that learn from diverse datasets to improve detection accuracy. Moreover, it discusses how different habitats can affect recording quality and the need for specialized tools to handle unique environmental conditions. Addressing these challenges is essential to enhance detection reliability and to support conservationists in making data-informed decisions about species protection efforts."
What insights does Chapter 2 provide on specific challenges in bioacoustic research?,"Chapter 2 delves into the nuanced challenges associated with bioacoustic research, including factors such as acoustic variability across species, environmental interference, and the technical limitations of recording equipment. For instance, the chapter emphasizes the role of adaptive algorithms that learn from diverse datasets to improve detection accuracy. Moreover, it discusses how different habitats can affect recording quality and the need for specialized tools to handle unique environmental conditions. Addressing these challenges is essential to enhance detection reliability and to support conservationists in making data-informed decisions about species protection efforts."
What insights does Chapter 3 provide on specific challenges in bioacoustic research?,"Chapter 3 delves into the nuanced challenges associated with bioacoustic research, including factors such as acoustic variability across species, environmental interference, and the technical limitations of recording equipment. For instance, the chapter emphasizes the role of adaptive algorithms that learn from diverse datasets to improve detection accuracy. Moreover, it discusses how different habitats can affect recording quality and the need for specialized tools to handle unique environmental conditions. Addressing these challenges is essential to enhance detection reliability and to support conservationists in making data-informed decisions about species protection efforts."
What insights does Chapter 4 provide on specific challenges in bioacoustic research?,"Chapter 4 delves into the nuanced challenges associated with bioacoustic research, including factors such as acoustic variability across species, environmental interference, and the technical limitations of recording equipment. For instance, the chapter emphasizes the role of adaptive algorithms that learn from diverse datasets to improve detection accuracy. Moreover, it discusses how different habitats can affect recording quality and the need for specialized tools to handle unique environmental conditions. Addressing these challenges is essential to enhance detection reliability and to support conservationists in making data-informed decisions about species protection efforts."
What insights does Chapter 5 provide on specific challenges in bioacoustic research?,"Chapter 5 delves into the nuanced challenges associated with bioacoustic research, including factors such as acoustic variability across species, environmental interference, and the technical limitations of recording equipment. For instance, the chapter emphasizes the role of adaptive algorithms that learn from diverse datasets to improve detection accuracy. Moreover, it discusses how different habitats can affect recording quality and the need for specialized tools to handle unique environmental conditions. Addressing these challenges is essential to enhance detection reliability and to support conservationists in making data-informed decisions about species protection efforts."
What insights does Chapter 6 provide on specific challenges in bioacoustic research?,"Chapter 6 delves into the nuanced challenges associated with bioacoustic research, including factors such as acoustic variability across species, environmental interference, and the technical limitations of recording equipment. For instance, the chapter emphasizes the role of adaptive algorithms that learn from diverse datasets to improve detection accuracy. Moreover, it discusses how different habitats can affect recording quality and the need for specialized tools to handle unique environmental conditions. Addressing these challenges is essential to enhance detection reliability and to support conservationists in making data-informed decisions about species protection efforts."
What insights does Chapter 7 provide on specific challenges in bioacoustic research?,"Chapter 7 delves into the nuanced challenges associated with bioacoustic research, including factors such as acoustic variability across species, environmental interference, and the technical limitations of recording equipment. For instance, the chapter emphasizes the role of adaptive algorithms that learn from diverse datasets to improve detection accuracy. Moreover, it discusses how different habitats can affect recording quality and the need for specialized tools to handle unique environmental conditions. Addressing these challenges is essential to enhance detection reliability and to support conservationists in making data-informed decisions about species protection efforts."
What insights does Chapter 1 provide on specific challenges in bioacoustic research?,"Chapter 1 delves into the nuanced challenges associated with bioacoustic research, including factors such as acoustic variability across species, environmental interference, and the technical limitations of recording equipment. For instance, the chapter emphasizes the role of adaptive algorithms that learn from diverse datasets to improve detection accuracy. Moreover, it discusses how different habitats can affect recording quality and the need for specialized tools to handle unique environmental conditions. Addressing these challenges is essential to enhance detection reliability and to support conservationists in making data-informed decisions about species protection efforts."
What insights does Chapter 2 provide on specific challenges in bioacoustic research?,"Chapter 2 delves into the nuanced challenges associated with bioacoustic research, including factors such as acoustic variability across species, environmental interference, and the technical limitations of recording equipment. For instance, the chapter emphasizes the role of adaptive algorithms that learn from diverse datasets to improve detection accuracy. Moreover, it discusses how different habitats can affect recording quality and the need for specialized tools to handle unique environmental conditions. Addressing these challenges is essential to enhance detection reliability and to support conservationists in making data-informed decisions about species protection efforts."
